topic1,topic2,topic3,topic4,topic5,topic6,topic7,topic8,topic9,topic10,topic11,topic12,topic13,topic14,topic15,topic16,topic17,topic18,topic19,topic20,topic21,topic22,topic23,topic24,topic25,topic26,topic27,topic28,topic29,topic30,topic31,topic32,topic33,topic34,topic35,topic36,topic37,topic38,topic39,topic40,topic41,topic42,topic43,topic44,topic45,topic46,topic47,topic48,topic49,topic50,topic51,topic52,topic53,topic54,topic55,topic56,topic57,topic58,topic59,topic60,topic61,topic62,topic63,topic64,topic65,topic66,topic67,topic68,topic69,topic70,topic71,topic72,topic73,topic74,topic75,topic76,topic77,topic78,topic79,topic80,topic81,topic82,topic83,topic84,topic85,topic86,topic87,topic88,topic89,topic90,topic91,topic92,topic93,topic94,topic95,topic96,topic97,topic98,topic99,topic100
21st,means,tessellations,systems,associated,or,observations,288,as,optical,equations,networks,functions,209458b,images,at,cancer,systems,system,within,language,species,acid,computer,quantum,role,resonance,between,bench,essence,surface,thermophila,de,future,policy,visual,design,weakest,image,through,95,its,algorithm,neural,based,protein,effect,new,data,system,wave,within,comparison,vs,about,at,among,at,patients,1990s,rat,synthesis,water,flow,theory,array,production,at,aspects,power,graphs,polymer,systems,molecular,into,films,around,approach,through,cells,as,gene,und,ships,is,devices,response,overview,against,after,models,ghost,de,under,systems,through,study,figure,across,carbon
century,as,centroidal,channels,gene,without,solar,during,within,laser,method,wireless,groups,subtilis,detection,production,breast,parallel,recognition,paradox,information,variation,acids,research,phase,presence,spectroscopy,relationship,reinhardtii,fallacy,formation,under,1,research,market,during,circuits,preconditions,video,_,mopc,application,optimization,network,effects,activity,effects,method,large,virtual,scattering,nature,experimental,standard,187,evolution,study,special,treatment,1980s,brain,complexes,soil,simulation,field,antenna,under,high,rise,system,random,properties,control,dynamics,insights,properties,evolution,new,p53,cell,function,protein,der,coordination,are,silicon,due,over,virus,heart,time,norvegicus,et,behavior,system,textendash,case,merit,49,microscopy
20th,caused,remedy,over,type,dealing,at,out,tool,fiber,problems,network,spaces,mays,recognition,collisions,cell,distributed,speech,reevaluation,retrieval,patterns,during,learning,transition,absence,electron,interaction,ugly,68,plasma,uncovering,2,change,evidence,memory,generation,fractals,coding,odyssey,104e,their,algorithms,networks,note,binding,influence,simple,mining,information,through,origins,evaluation,45,113,during,health,issue,disease,1930s,rats,reactions,over,heat,models,applications,removal,low,fall,control,graph,liquid,nonlinear,study,investigation,thin,matter,applied,41,human,potential,sequence,von,classiflcation,or,performance,up,update,infection,cardiac,estimation,262,des,properties,software,73,review,thermoelectric,vitality,nanotubes
aspects,induced,pins,channel,is,conjunction,magnetic,62,mechanism,generation,finite,sensor,theorem,ultimate,image,decays,carcinoma,memory,control,aspects,logic,population,composition,science,states,importance,magnetic,their,dumping,1394,during,1050,en,management,exchange,human,test,japanese,processing,dryer,under,applications,problem,learning,impact,1,impact,technique,system,user,waves,zona,methods,66,restoring,years,risk,2000,chronic,1970s,receptor,reaction,carbon,fluid,theories,arrays,treatment,resolution,patens,energy,number,solutions,linear,energy,form,x,stars,application,brachii,is,source,expression,zur,elusive,not,high,related,myasthenia,response,coronary,series,reversibility,la,stress,design,od,report,interpretation,lesson,force
dead,generated,x86,codes,disease,myth,plasma,surfacing,exclusion,photonic,equation,routing,algebras,intruder,motion,decay,risk,system,robot,occurrences,programming,diversity,production,engineering,spin,era,mass,interactions,bedside,virtue,effects,catastrophes,e,development,economic,cortex,power,242,based,00,104,relation,problems,classification,effect,characterization,size,system,visualization,web,propagation,pellucida,results,cecropia,collapsing,over,care,2007,acute,1960s,mice,studies,organic,transfer,quantum,antennas,process,temperature,1908,high,trees,phase,feedback,electronic,insight,deposition,galaxies,improve,biceps,expression,agent,human,die,onto,that,transistors,contribution,gravis,immune,blood,data,5,du,materials,process,quantified,comparative,eyelid,allied,scanning
over,revealed,thresholds,estimation,syndrome,synergy,field,employed,mutual,crystal,solutions,control,over,legacy,tracking,cross,study,performance,mobile,p16,languages,growth,amino,through,state,play,imaging,comparison,rear,passengers,surfaces,ol,y,environmental,under,brain,simulation,sp,images,configurations,ment,implications,genetic,fuzzy,upon,proteins,side,novel,sensing,interface,surface,concerning,study,governing,separately,evidence,children,2008,after,1950s,neurons,compounds,climate,flows,dimensions,integrated,reactor,tomography,biomarkers,current,algorithm,behavior,adaptive,potential,account,magnetic,cluster,introduction,elegans,growth,example,genes,mit,143,be,gate,or,ideal,resistance,during,distribution,hood,les,steel,simulation,124,literature,proposition,319,through
19th,produced,165,detection,association,borders,during,hackers,toward,lasers,element,mobile,curves,constrains,object,interactions,bone,architecture,planning,faithful,query,populations,activity,software,magnetic,being,scattering,two,xi,demon,growth,patterns,la,challenges,financial,temporal,optimization,allow,digital,evolutions,nano,other,programming,approach,remarks,mechanism,ratio,tool,scale,environments,media,62,two,easing,micromanipulation,origin,use,2005,therapy,1920s,receptors,oxidation,surface,turbulent,black,microstrip,coal,imaging,ins,voltage,algorithms,membranes,design,calculations,entry,film,dark,approaches,uence,factor,indicator,genome,des,earning,can,effect,reduce,version,responses,patients,regression,balances,en,composite,development,affair,systematic,african,crassa,situ
twentieth,determined,reservoir,error,chromosome,65nm,waves,homo,onto,pulse,methods,protocol,surfaces,discontinuity,shape,p,treatment,applications,robots,16,knowledge,marine,oil,education,single,notion,ion,relation,distinction,cedar,silicon,details,para,use,markets,spatial,synthesis,ax,transform,86,opening,relationship,parallel,detection,comment,coli,amount,measuring,structures,mobile,acoustic,propensities,different,parvum,scatterometer,implications,disorder,2006,clinical,ation,effects,metal,global,dynamics,string,novel,waste,optical,silence,induction,complexity,aqueous,system,states,taking,growth,survey,use,111,protein,measure,proteins,im,without,about,field,contributions,kappa,antibodies,function,processes,ceteris,pour,conditions,management,nonregular,studies,epsilon,founding,atomic
turn,cation,2m,performance,genetic,56,wind,invention,step,nonlinear,solution,over,group,skewing,objects,measurement,patients,scheduling,autonomous,2212,semantics,evolution,fatty,development,dynamics,cohesion,energy,relationships,274,clinician,oxygen,exposing,3,assessment,rate,cortical,circuit,labelling,compression,l_1,conus,use,search,based,comments,complex,origin,procedure,volume,applications,structures,bystander,performance,294,accelerator,isotope,life,workshop,syndrome,notion,activity,hydrogen,atmospheric,through,gravity,lines,gas,level,outs,design,problem,characterization,stability,theory,out,silicon,formation,guide,triceps,development,basis,is,bei,chasing,it,organic,reply,pyriformis,human,myocardial,distributions,paribus,dans,deformation,support,or,preliminary,centenary,coins,microscope
beginning,affected,automaticity,adaptive,2,fact,observed,sieving,towards,pulses,nonlinear,traffic,operators,elaboration,segmentation,0,after,dynamic,navigation,293,reasoning,plant,different,information,transitions,obstacles,neutron,gap,121,connecting,effect,incoherence,n,issues,monetary,auditory,logic,233,algorithm,millions,into,relevance,method,artificial,paper,human,beneficial,framework,information,design,electromagnetic,evolving,models,54,deployment,history,factors,2004,liver,enigma,expression,catalysts,air,turbulence,symmetry,design,water,energy,genesis,motor,tree,solution,time,functional,incorporation,3,star,evaluate,enigma,receptor,predictor,sequences,auf,kit,do,current,exposed,upcoming,antibody,artery,parameter,roll,versus,behaviour,engineering,triplets,feasibility,criticism,rebuilding,nanotube
nineteenth,influenced,exits,signals,1,108,electron,slopes,priori,phase,boundary,hoc,polynomials,114,reconstruction,sections,human,embedded,motion,352,search,size,quality,design,field,antennae,studies,link,1929,piano,study,ment,van,new,growth,functional,fault,283,adaptive,recently,database,potential,linear,selection,focus,enzyme,bullwhip,paradigm,remote,environment,method,misbehaving,investigation,behaviour,extended,mantle,young,report,leukemia,2025,injury,over,change,simulations,gauge,sensor,sludge,detector,decomposition,performance,bounds,polymers,optimal,2,conversion,2,observations,determine,239,activation,target,novel,eines,separator,but,device,improve,intended,type,disease,linear,decoder,le,composites,framework,expanders,pilot,telehealth,congruency,characterization
quarter,measured,mismatched,multiple,multiple,metaphysics,measurements,506,result,light,differential,communication,matrices,axes,multiple,section,therapy,architectures,robotic,demonstrator,semantic,dynamics,content,technology,transport,reorganization,spectra,other,148,taming,ion,xvii,del,review,price,perception,techniques,323,wavelet,rider,detectability,consequences,fast,prediction,depends,synthesis,detrimental,class,base,interfaces,medium,monohydrate,techniques,chaff,like,early,women,2003,or,elegans,muscle,formation,aerosol,layer,two,transmission,oil,measurement,digitization,converter,sets,separation,fuzzy,initio,upon,grown,emission,alternative,moderately,stem,probe,family,einer,shortening,than,characteristics,relation,ferrofluid,monoclonal,pressure,probability,fallacies,sur,mechanical,decision,proper,use,abc,owners,tunneling
hunt,defined,system,fading,mutation,compromising,region,discussion,environment,semiconductor,problem,access,theory,divide,estimation,s,lung,computing,based,estrone,systems,distribution,metabolism,social,effects,subobscura,transfer,differences,258,tied,diffusion,2e,em,perspective,public,processing,modeling,33,detection,coefficients,detoxification,implication,efficient,algorithm,influences,studies,eect,standard,spatial,interaction,modeling,reanalysis,empirical,cousins,preface,core,social,2009,associated,necessity,cells,derivatives,during,boundary,three,frequency,wastewater,measurements,inventory,systems,minimum,membrane,dynamic,density,penetration,amorphous,at,measure,region,signaling,possible,functional,durch,101,we,technology,leading,311,influenza,ventricular,function,foreword,un,thermal,modeling,sweat,two,cohesion,tribology,individual
reckoning,example,bose,communication,at,switchover,wave,exhaustion,analyser,crystals,order,ad,space,q2,face,events,prostate,processing,environments,notice,programs,natural,properties,program,crystals,1394,nuclear,correlation,badly,transitional,size,4,do,economic,trade,activity,testing,90s,signal,elegant,rams,possible,scheduling,vector,performance,novel,upon,determining,processing,interactive,elastic,shortfall,theoretical,charges,protamine,isotopic,patients,2002,trial,collinearity,stress,complex,variability,convection,holes,dielectric,bed,very,direct,active,bound,solid,class,state,turning,chemical,galaxy,detect,lighter,gene,aid,yeast,als,29,when,solar,subject,331,vitro,flow,random,gaia,par,strength,tool,198,cases,concordance,60,probe
tipping,edited,confirmation,blind,polymorphism,galleries,current,leukotrienes,viable,frequency,value,service,matrix,separated,matching,scattering,head,implementation,vehicle,stability,representation,fish,food,use,critical,bowing,spectrometry,among,bottle,wooden,thermal,attachment,no,climate,capital,effects,integrated,click,filter,giving,sizes,significance,approach,models,transformation,domain,201,approach,techniques,services,field,virtues,three,condensing,theory,central,age,2001,children,2000s,spinal,catalytic,transport,numerical,space,line,recovery,temperatures,enlargement,applications,binary,fuel,dynamical,properties,incorporating,carbon,clusters,assess,nature,mouse,alternative,complex,den,323,more,structures,increase,amoeba,activity,failure,stochastic,noises,une,fracture,environment,antimatter,critical,favor,diusion,electron
19,characterized,hosted,interference,human,timely,near,origin,subclass,parametric,integral,scheme,finite,spines,features,mass,colorectal,management,automatic,automaticity,database,two,products,teaching,properties,dip,ions,about,deflation,272,grain,characteristic,di,global,rates,patterns,analog,coercion,motion,preprocessor,triple,uses,methods,system,emphasis,inhibitors,outline,evaluation,databases,computing,random,119,test,diverging,advancement,composition,cognitive,2010,transplantation,definition,human,as,ozone,transport,general,radar,activated,coherence,like,drive,set,nanoparticles,state,simulations,mechanistic,characterization,sources,module,flexibility,tumor,marker,transcription,ein,aktuelle,does,light,enhance,loop,hepatitis,imaging,tests,parametrized,au,strain,approach,clarifying,survey,multiverse,fi,single
leveraged,described,mantle,source,mutations,bionic,ion,speaking,over,waveguides,linear,management,sets,2006,models,7,tissue,programs,continuous,consideration,fuzzy,communities,effects,project,effect,vicinity,beam,relations,border,bare,alloy,multidomain,da,policy,international,eye,digital,detection,filtering,purposeful,131,implementation,evolutionary,cellular,notes,site,pentachlorophenol,mathematical,clustering,digital,radiation,223,validation,inaugural,amongst,seismic,adults,1,controlled,large,during,acid,land,mixing,dimensional,planar,solid,experiment,redux,low,paths,particles,approach,spectrum,subtilis,oxide,white,unified,delineation,during,part,factor,aus,biological,how,cells,editor,memoization,among,rate,test,synchronizers,non,structures,manufacturing,inaccuracy,longitudinal,possibility,irregularity,hybridization
265,obtained,needles,signal,population,curse,polar,strike,biography,dispersion,conditions,packet,rational,350,extraction,branching,clinical,processor,detection,consortium,models,effects,growth,environment,relaxation,criticality,absorption,connection,cornea,changeable,etching,organizing,el,technology,equilibrium,responses,applications,diffusions,filters,revised,asynchrony,limitations,matrix,machine,thoughts,folding,appearing,studying,patterns,service,ultrasonic,compared,types,weaknesses,at,last,quality,international,renal,199,mouse,study,forest,porous,supergravity,active,combustion,radiation,spherically,electric,problems,water,robust,calculation,decomposing,vapor,distribution,novel,434,differentiation,result,mitochondrial,eine,cap,what,effects,exposure,acronym,vaccine,left,under,340,aux,fatigue,requirements,nanomolar,empirical,synthesis,supports,fluorescence
buyouts,provided,negative,frequency,diabetes,imposition,ionospheric,studies,nutshell,mode,systems,protocols,algebraic,encapsulating,feature,nm,factors,simulation,modeling,damaging,databases,community,effect,online,well,partial,study,links,lack,diverse,process,sickness,per,recent,demand,attention,timing,giga,method,silo,coach,processes,optimal,support,tutorial,active,attribution,improved,over,multimedia,spherical,conditions,studies,cycle,calm,age,disorders,10,levels,318,changes,properties,nitrogen,particle,strings,technique,biological,large,tile,novel,lower,mixtures,stabilization,molecules,back,substrates,nature,response,armed,mice,within,characterization,einem,finds,have,mobility,close,scissors,host,cerebral,likelihood,acquisition,avec,loading,distributed,synergy,comprehensive,title,tendencies,studies
centuries,assessed,sword,transmission,mapping,33,sheet,troglodytes,decrement,wavelength,numerical,multicast,representations,especially,target,into,diagnosis,data,dynamic,decrease,text,among,milk,work,structures,throat,diffraction,bridge,margin,forensic,hydrogen,232,o,developments,business,cognitive,sequential,ladder,estimation,wp,crystalline,interpretation,solving,clustering,strategy,peptide,stoichiometry,unified,integration,management,dielectric,finished,approaches,dramatic,classic,record,mental,1999,following,activism,release,reduction,changes,gas,mechanics,resonator,fuel,pressure,111,hybrid,large,materials,discrete,determination,away,electrical,stellar,identify,bgp,apoptosis,determinant,that,zum,friends,which,noise,letter,hurricane,1,following,variables,extent,chez,dynamic,product,consortium,within,69,threefold,confocal
cosmos,demonstrated,1d,noise,are,blessing,shock,approximated,dyad,harmonic,difference,video,fields,moves,method,pp,ovarian,computer,learning,infestans,natural,across,plant,perspective,lattice,lots,laser,difference,recovery,idealized,alloys,bovis,i,health,theory,mechanisms,technology,macroprudential,segmentation,125,delegated,extension,dynamic,machines,depending,kinase,apparent,simplified,modeling,framework,surfaces,ghost,versus,etc,microcomputers,along,early,2nd,infection,axes,induced,containing,measurements,diffusion,effective,filter,anaerobic,emission,23,speed,path,cell,stochastic,surface,disappearance,prepared,nuclei,predict,bunch,vitro,seen,sites,dem,injectable,all,diodes,contribute,interactor,bacterial,surgery,prediction,musculature,base,crack,integrated,efiect,retrospective,hybrid,tularensis,studied
recollections,followed,205,decoding,loci,produces,auroral,around,prerequisite,modulation,partial,allocation,function,persistent,based,charged,surgery,efficient,manipulation,isoprostanes,processing,within,dietary,computing,wells,merits,fluorescence,association,requirement,lasso,discharge,fallacies,5,directions,stock,response,performance,names,scheme,1981,door,applicability,new,modeling,principle,inhibitor,metabolome,reference,discovery,reality,light,innocent,quantitative,jaws,nov,southern,depression,introduction,versus,dynamics,oxide,catalyst,dynamics,thermal,breaking,patch,conditions,small,asian,generator,planar,modified,controller,structural,branches,optical,binary,practical,measuring,role,indicators,genomic,am,principles,you,bipolar,facilitate,lengths,immunity,acute,selection,nowcasting,reviews,alloy,modelling,immuno,exploratory,maturity,v2,monoxide
revisions,inspired,acknowledgements,rate,linkage,roads,magnetosphere,beaches,138,femtosecond,second,services,forms,recreation,moving,10,tumors,cache,multiple,particular,document,genetic,wheat,knowledge,coupling,requests,measurements,interplay,spectacle,lines,evolution,fishing,vs,urban,economy,movement,methodology,nonredundant,technique,jaws,ear,some,computation,feature,remark,cytochrome,tether,computational,through,collaborative,fields,philosophers,experiments,timestamping,plans,zone,older,paper,hepatitis,google,calcium,chemical,soils,shear,lattice,coupled,microbial,microwave,connection,distribution,functions,chromatography,uncertain,spectra,president,beam,search,enhance,representative,regulation,biomarker,regulatory,das,restructuring,one,layer,compared,local,antigen,tissue,maximum,pod,diagnostic,damage,architecture,isolation,quantitative,resiliency,acceptability,observation
49,triggered,alternating,separation,susceptibility,earth,electric,camel,inside,waveguide,generalized,scheduling,symmetric,simplest,surface,correlations,women,communication,vision,rerio,system,selection,fat,experience,dots,sculpture,studied,bridging,ultimate,linking,adsorption,iterated,m,trends,costs,task,delay,polyvariant,vector,organizers,excel,extensions,design,pattern,theme,sites,dependency,test,storage,distributed,periodic,postulates,computational,299,resilience,site,physical,first,patient,plutonium,vivo,radical,urban,liquid,fields,waveguide,processes,cosmic,conspiracy,efficiency,numbers,delivery,hybrid,sub,steps,epitaxy,disks,estimate,revisited,kinase,consequence,binding,zu,road,there,transport,leads,opinion,detection,changes,testing,replies,bases,concrete,building,judgment,three,rosa,arguments,measurement
eighteenth,classi,anomalous,modulation,variation,flatness,fields,dissimilarity,134,single,elliptic,performance,complex,speed,local,1,primary,processors,localization,sampling,functional,forest,storage,support,coupled,1936,emission,balance,142,olds,reactive,lining,los,status,countries,stimulation,reduction,poster,reduction,periodicity,permits,biomedical,approximation,automata,concept,interactions,sensibility,analytical,database,systems,contact,1911,preliminary,55,syndrom,late,differences,1995,during,replies,after,decomposition,temperature,media,hole,microwave,characteristics,speed,conundrum,switching,distance,ionic,under,ab,amount,epitaxial,line,way,src,vivo,well,database,nach,1998,may,electron,follow,teaming,characterization,aortic,dynamic,susceptibilities,construction,material,methodology,kappa,reports,searching,available,transmission
got,evaluated,atherothrombosis,capacity,schizophrenia,identical,flux,electro,appropriateness,fibre,domain,distributed,geometry,stained,representation,quark,cervical,shared,tracking,shuttle,program,tree,lipid,medical,behavior,contradictions,induced,physical,builders,organized,distribution,medium,un,information,effects,changes,designs,qualified,enhancement,polytypic,repeaters,precursors,constraint,function,further,interaction,performances,general,sets,support,simulation,1926,comparative,cations,tic,constraints,people,conference,severe,adapted,adult,mechanism,ocean,velocity,supersymmetric,sensors,batch,ray,diffusions,converters,convex,colloidal,identification,studies,injected,single,galactic,modelling,adjointness,endothelial,explanation,coli,versus,antidepressants,they,transistor,relative,tiny,coli,arterial,sampling,1050,applications,elastic,tools,kinked,series,synchronizing,cyclically,inside
migrations,carried,bibliographical,diversity,studies,implemented,radar,evasion,consequence,grating,approximation,resource,polynomial,206,video,final,oral,code,models,upgrades,formal,male,compounds,programming,dependence,selective,gas,connections,enlightenment,overlaps,metal,or,over,perspectives,real,working,technique,tetrahedron,noise,rack,replaying,own,solution,algorithms,commentary,peptides,drafting,rapid,fusion,content,imaging,407,assessment,cdot,2025,ice,men,update,failure,chinese,nitric,aromatic,sediment,under,4,method,plant,density,digoxin,operation,finding,transport,output,interaction,provide,thermal,origin,compute,close,pathway,phenomenon,identification,unter,automating,better,charge,errors,trick,tuberculosis,ultrasound,methods,165,cas,response,planning,lactam,reviews,182,dentition,aligned
partial,modeled,cholerae,radio,locus,multifunctional,density,gracefully,arguing,amplifier,singular,efficient,manifolds,angles,color,hadronic,tumor,database,agents,110,about,different,characteristics,new,fluctuations,tiny,ionization,comparisons,fringes,ret,temperature,out,na,implications,investment,differences,low,time,fast,railway,schema,analyses,constrained,identification,depend,reaction,eel,concept,framework,search,complex,concept,some,combining,343,stable,population,6,systemic,hunt,central,transfer,distribution,fluids,classical,ground,reactors,detectors,gradation,inverter,optimal,molecular,input,spectroscopic,transforming,laser,radio,respect,commitment,through,cause,evolution,beim,bu,has,semiconductor,down,utility,specific,treatment,variable,2d,plus,resistance,making,mereotopology,through,83,disk,microscopic
suitability,imposed,dissimilarities,coding,risk,nearness,equatorial,inequality,establishing,liquid,solving,dynamic,type,auricular,camera,heavy,advanced,evaluation,environment,81,temporal,microbial,dairy,course,dot,transports,atoms,compatibility,fully,scope,particles,phi,log,safety,pricing,role,efficient,trimethoprim,retrieval,redefinition,terrestris,nanotechnology,sparse,training,cryptosystems,structural,sticking,proposal,acquisition,through,bodies,copies,survey,compartmental,adjointness,deposits,status,1994,diseases,inexpensive,liver,organic,tropical,jet,geometry,filters,derived,range,mechanism,frequency,construction,capillary,processes,3,convert,temperature,results,according,computerized,bone,surrogate,region,mittels,carolinensis,good,junction,comments,243,mice,versus,inference,450,perspectives,shear,processes,occlusal,theoretical,bureau,filaments,spectroscopy
166,shown,extensive,communications,genes,observable,ionosphere,investigator,that,tunable,time,communications,points,avoidance,texture,8,radiation,hardware,features,_2,framework,behaviour,characterization,scientific,superconductors,unmodeled,light,similarities,optimally,typicality,particle,skyrme,t,resources,versus,motor,level,used,data,secretary,treasure,counterparts,global,method,acting,secondary,surviving,evaluating,streams,social,reflection,daytime,numerical,defeating,anthraquinone,dating,weight,year,randomized,objectivity,role,some,emissions,number,group,structures,industrial,results,telecommuting,generation,regular,gel,tracking,structures,ot,deposited,region,modeling,exhaustive,induces,proxy,regulation,oder,chalcopyrite,your,process,routes,70,antigens,infarction,dependent,calendar,propos,modeling,evaluation,paretian,brief,contests,measures,imaging
2003,combination,granuloma,equalization,polymorphisms,questionnaires,events,legend,coordinator,fibers,formulation,architecture,maps,bicolor,classification,detector,imaging,reconfigurable,acoustic,allows,web,food,changes,digital,interactions,237,excitation,resolving,referencing,vital,influence,supercoiling,con,sustainable,choice,discrimination,interconnect,198,classification,supermarket,trends,generalizations,hybrid,basis,mutual,chain,trimming,version,selection,architecture,measurement,defeat,measures,examining,broad,formation,assessment,9,trials,off,nerve,chemistry,pollution,rotating,physics,imaging,during,frequency,accelerator,load,time,drug,parameter,vibrational,converting,nanoparticles,dust,generate,federation,epithelial,therapeutic,sequencing,van,chemotactic,should,detectors,prior,ace,viruses,vascular,multivariate,careful,al,wear,expert,possibly,progress,detections,modifications,wall
410,governed,inhomogeneity,code,patients,rod,interplanetary,limiters,microplate,cavity,elements,optical,algebra,cold,visual,top,radiotherapy,algorithms,language,beach,probabilistic,tropical,activities,graphics,systems,48,molecular,competition,runway,without,studies,112,d,overview,risk,neurons,verification,303,efficient,18,variety,couple,local,hybrid,biosensor,biological,deterrent,testing,applications,agent,modes,extensive,various,league,browning,end,elderly,papers,response,oligodeoxynucleotides,cord,iron,coastal,instability,action,passive,bacteria,background,accommodating,monitoring,directed,carbon,estimation,spectroscopy,inquiry,alloys,core,theoretic,functions,activity,acts,encoding,zwischen,concealment,need,barrier,conversion,arguments,malaria,atrial,component,cataloguing,recherche,matrix,information,rape,qualitative,directionality,regarding,probes
collector,achieved,line,spectrum,levels,toll,variations,radiodurans,fourth,nm,stability,multimedia,some,copying,stereo,energy,neck,heterogeneous,visual,coumarin,queries,habitat,components,practice,superconducting,64,effects,equivalence,sapiens,1830,properties,42,voor,public,income,learning,clock,384,reconstruction,amplitude,141,advantages,minimization,recurrent,cryptosystem,formation,hypervelocity,detecting,association,agents,conducting,extensor,analytical,missing,carbachol,first,mortality,5,fibrosis,organizers,levels,new,use,vortex,his,aperture,emissions,system,auditor,wind,matching,containing,mode,transition,taken,layers,center,extension,hi,proliferation,viewed,assembly,neue,datatype,make,junctions,adding,cycles,viral,assessment,statistical,catch,relations,structural,applications,recalcitrant,worst,dynamism,restricted,biological
modula,motivated,revolution,wireless,sclerosis,trouble,energetic,roles,manuscript,beam,inverse,streaming,real,damaging,registration,e,total,allocation,robust,cryptanalytic,relational,ecology,bacteria,understanding,fields,accelerations,experiments,correlations,simplest,73,copper,acupuncture,k,advances,developing,movements,system,abuses,domain,bij,145,framing,assignment,recognition,physically,its,playing,validation,mapping,communication,technique,joined,measurement,operation,carotenoids,rocks,effects,track,arthritis,pitch,regulation,2,under,vertical,beyond,detection,ash,computed,concentrators,magnet,degree,release,delay,simulation,glimpse,molecular,black,applying,reanalysis,regulates,probes,domain,ihre,diversity,many,low,contributing,egalitarian,aeruginosa,pulmonary,functions,catecholamines,approche,contact,knowledge,reflectometer,observational,mutagenicity,widths,fluorescent
newest,sunlight,riddle,system,family,1006,acceleration,selective,poll,conversion,decomposition,key,basis,depressions,point,boson,early,environment,vehicles,cuticular,description,relationships,nucleic,students,entanglement,decisive,heavy,cooperation,tempered,affiliation,interface,alignment,um,survey,interest,function,space,alamethicin,quantization,biocatalytic,1982,supplement,selection,dynamic,grey,molecular,tribology,strategy,rules,devices,arbitrary,memoir,used,oracle,characteristics,upper,adolescents,1997,pain,prions,metabolism,selective,circulation,modeling,extended,impedance,membrane,gamma,devoid,synchronous,maximum,studies,distributed,reaction,provides,nanowires,universe,simulate,relocation,murine,instrument,nuclear,verteilten,dock,where,dependence,relating,found,group,therapy,error,characterizing,entre,reinforced,specification,resemblance,four,revisited,226,manipulation
1997,identi,stable,block,variants,configurability,particle,timekeeping,principals,transmission,variational,data,order,ferrofluids,maps,distributions,ultrasound,multiprocessor,intelligent,degradation,specification,rates,meat,about,ordering,dication,molecules,overlap,27,attacker,characteristics,animations,una,water,empirical,potentials,mapping,allowance,techniques,briefing,223,surroundings,heuristic,rules,table,activities,versus,definition,methods,access,plane,pair,procedures,periodical,composed,northern,primary,1993,respiratory,privatization,hippocampal,asymmetric,variations,stability,limit,characteristics,reduction,room,duction,drives,sequences,silica,chaotic,complex,translating,substrate,hot,analyze,shipbuilding,induced,promising,mouse,ist,ferromagnetic,way,efficiency,tribute,huge,strains,risk,conditional,contagious,reply,pressure,testing,rp,short,secret,54,samples
385,speci,stealing,power,familial,contests,over,ultrasonic,surrogate,integrated,condition,mesh,classes,including,rendering,look,malignant,execution,word,enterica,similarity,spatial,some,communication,optical,123,surface,distinction,360,beowulf,rate,axioms,c,critical,games,area,faults,artist,quality,eardrum,amplify,derivative,routing,genetic,biosensors,dehydrogenase,age,predicting,queries,display,sound,periodically,criteria,pneumophila,consumption,volcanic,behavior,15,pulmonary,psychophysics,vitro,hydrocarbons,regional,pressure,invariance,coupling,plants,under,folate,controller,two,electrophoresis,event,excited,121,crystals,regions,build,soluble,required,presenting,membrane,einen,fraction,why,heterojunction,linked,interactivity,isolates,stroke,hidden,czochralski,structures,stainless,application,trac,unusual,straightening,98,tip
biography,microwaves,taxonomy,identification,markers,contrasts,radiation,virtuality,constructive,diode,class,bandwidth,class,indoleamine,modeling,energies,hepatocellular,software,underwater,fingerprints,abstract,environmental,or,training,disordered,90s,hydrogen,tradeoff,88,beware,kinetics,biomaterial,sobre,some,competition,activation,placement,atmospheric,restoration,emerging,approch,pitfalls,time,hierarchical,short,assay,anomeric,proposed,collection,smart,inhomogeneous,reports,analyses,recommended,crescentus,sediments,birth,1992,outcome,resemblance,responses,kinetics,modeling,wall,supersymmetry,compact,fluidized,spectral,fulfillment,machine,minimal,through,filtering,ground,consideration,layer,disk,theory,structural,function,substitute,structural,vom,greener,so,double,remove,nanomechanics,vivo,vivo,mean,dt,conception,corrosion,maintenance,transition,effectiveness,superradiance,agree,nanoscale
coincidences,twisting,theta,feedback,novel,enforcement,geomagnetic,wild,conversation,mixing,theory,cellular,linear,oneidensis,surfaces,particle,assessment,file,identification,hour,automatic,wild,isolated,tools,near,closure,infrared,adjacent,abortive,biases,implantation,c3,het,opportunities,labor,stimuli,implementation,bose,watermarking,evasive,associativity,countermeasures,implementation,classifiers,label,aggregation,aspect,estimating,statistical,online,anisotropic,rescue,four,regarding,cryptographic,earthquake,first,1998,rheumatoid,stabilisation,hormone,novel,river,mass,constant,measurement,fly,sensitivity,generalisations,amplifier,simple,composite,constraints,orbital,thesis,nitride,young,implement,which,death,driver,type,verteilte,highlands,help,layers,limitations,pth,pylori,variability,density,fluidity,analyse,during,automated,uid,interim,translators,cephalosporin,living
crossing,banding,adapting,scheme,common,focusing,electrons,within,manipulative,amplification,general,security,operator,protections,sequences,reaction,following,operating,space,internal,documents,responses,beef,educational,charge,demonstrating,determination,both,bad,calls,nucleation,confluence,por,aspects,social,schizophrenia,signal,branches,signals,intel,augmentation,introduction,matrices,methods,accelerometer,reductase,bicarbonate,measurement,monitoring,semantic,small,scope,statistical,remeshing,deep,10,drug,1991,bowel,welcome,nervous,supported,moisture,tube,cosmology,ring,sewage,frequencies,generality,evaluation,cycles,onto,controllers,potentials,interpretation,mechanical,massive,optimize,witness,embryonic,emergent,nucleotide,neuer,horse,affect,temperature,50,revisited,agents,fetal,variance,fumarate,ou,alloys,quality,xy,five,b2b,clotting,dioxide
deepening,exopolysaccharide,adversary,multiuser,receptor,ladder,boundary,written,rack,oscillator,some,adaptive,numbers,soul,pattern,neutral,evaluation,storage,hand,lost,data,use,cattle,toward,strong,individual,field,flexibility,cadmium,chance,oxidation,covariant,las,current,bank,organization,tolerance,chirality,color,introspective,calibrating,title,combinatorial,rule,mangroves,modification,cotton,simulating,tool,augmented,rough,shaders,first,under,dementias,past,their,3rd,inflammatory,wisdom,dopamine,methyl,matter,viscous,conformal,technology,continuous,calibration,girders,technique,approximation,electrode,predictive,free,crassa,doped,giant,achieve,01,inhibits,masquerading,promoter,neuen,identifiers,used,tunneling,modifications,ruby,infections,exercise,errors,hygiene,documents,failure,models,1c,involving,bioluminescent,contrastive,walled
digitization,undulatus,balances,correlated,dominant,nad,instability,14,runway,ring,higher,transmission,certain,suits,range,4,knee,programming,adaptation,nucleation,relevance,plants,fish,student,diagram,misalignment,proton,distances,card,commonly,pressure,differentiating,f,present,prices,motion,chip,decompositions,error,linearizing,fibrinolysis,cryptographic,stochastic,classifier,indices,affinity,crowding,calibration,extraction,electronic,ultrasound,silence,validity,v3,diagnosis,continental,symptoms,meeting,factors,100,neuronal,polymerization,ice,measurements,2,synthetic,nuclear,source,insulated,variable,without,porous,dynamics,clusters,occam,ion,active,monitor,7th,blood,modeled,elements,komplexer,lg,really,breakdown,extract,synthesising,assay,volume,correlation,keyed,contraintes,temperature,intelligent,2005,presentation,chance,corresponding,measurements
ego,veri,braille,receivers,evidence,nearly,ions,239,sigmoid,amplifiers,mixed,congestion,simple,vulnerabilities,view,mesons,cases,design,handwritten,pulex,generation,history,plants,collaborative,theory,modelled,relaxation,gaps,cm,contention,aluminum,dome,g,technologies,impact,normal,layout,diffusive,robust,microeconomics,form,neurobiology,improved,techniques,multipurpose,action,dentition,methodology,index,platform,force,splittings,laboratory,000,edges,50,cohort,since,asthma,141,function,ligands,quality,effects,revisited,dual,conversion,different,interdependence,supply,point,gas,models,4,within,phase,gravitational,systematic,adduct,response,mediator,are,2000,mink,out,substrates,route,thymoma,protection,cardiovascular,components,lamblia,dynamique,effects,implementation,ablative,ultrastructural,characterizations,demise,quantification
oneidensis,1a,broadening,errors,two,neuroevolution,neutral,adjoining,001,gain,schemes,heterogeneous,generalized,1394,scene,ratio,squamous,resource,character,surf,translation,birds,seeds,towards,order,plug,beams,missing,confirming,cutset,reaction,extraordinary,6,impact,cost,prefrontal,method,ellipticity,decomposition,necessary,habit,pharmacokinetic,computing,decision,proximity,purification,detergents,device,multidimensional,evaluation,objects,squeak,tests,176,finger,variations,stress,editorial,lung,1907,oxidative,activity,vegetation,investigation,cosmological,slot,biomass,scale,leaving,permanent,points,adsorption,synchronization,crystal,turn,sputtering,mass,find,ambition,are,adjunct,regions,automatischen,modifying,less,characterization,prevent,whole,elegans,clinical,sample,maze,politique,growth,formal,acceptance,descriptive,conferencing,flats,multiwall
part,dividing,cruise,receiver,increased,parallel,reconnection,aminobutyric,1990s,source,laws,area,product,1907,scenes,2,stage,scalable,generation,uv,relations,conservation,fruit,issues,semiconductor,travelers,spin,associations,congruency,deformable,composition,fashion,com,project,tax,perceptual,reliability,excluded,matching,p15,increasing,synchronize,constraints,through,speculations,c,facebook,instrument,sources,visualization,function,unanticipated,several,1913,flips,processes,exposure,20,treated,38,following,chiral,area,study,dynamics,resonators,biofilm,ratio,logically,controlled,search,surface,uncertainty,band,2000s,structural,dwarf,calculate,associate,cancer,manifestation,genomes,mobilen,oryzae,no,tunnel,eliminate,458,rapid,or,mixture,memories,transformation,creep,components,add,nine,cro,folded,tips
pericardium,facilitated,d,sources,families,periodical,substorm,appropriateness,animal,switching,matrix,radio,orthogonal,1915,geometric,momentum,survival,load,path,101,approach,three,extract,interactive,point,along,atomic,correspondence,constellation,elastography,modification,forward,een,approaches,foreign,lateral,path,fifth,discrete,p4,inn,increments,swarm,intelligence,spectrogram,reverse,focus,generating,multiple,personal,layered,ads,aspects,46,g1,western,disease,1990,donor,430,binding,oxide,satellite,flames,four,plane,behaviour,tracing,lon,mode,small,copolymers,sliding,surfaces,deviations,synthesis,photometry,ability,astrophysical,cycle,such,bacterial,objektorientierten,parameterisation,learn,oxide,estimate,affairs,defense,valve,size,metatheory,application,mechanisms,integration,anytime,running,diffuse,genealogy,vertically
restorative,accompanied,dangerous,cancellation,6,radioactive,velocity,authority,cigarettes,absorption,periodic,schemes,interpolation,218,facial,states,fractures,multiprocessors,training,137,theory,sea,body,game,modes,brass,charge,there,crab,enables,mechanism,inferential,cient,industry,uncertainty,frontal,noise,flush,transforms,paradigm,knotted,counterpart,inverse,nets,typical,amyloid,motherhood,accurate,classification,users,measurements,anonymity,alternative,angiosperms,higher,eastern,medical,1996,bone,abstractions,nucleus,addition,concentrations,channel,type,band,resulting,rate,meets,strategy,complete,determination,delays,theoretical,ingress,metal,infrared,provide,baroque,lymphocytes,therapeutics,mammalian,verteilter,preprint,will,fabrication,regard,affiliation,infected,right,estimates,miracle,aspects,plates,verification,banded,article,excitation,homeownership,cantilevers
terminated,populated,defining,joint,quantitative,reasons,magnetotail,baking,continous,coherent,approximations,secure,theorems,41,dynamic,meson,gastric,network,speaker,4,inference,leaf,seed,principles,multiple,capsulatus,measurement,conventional,crowns,exhibiting,behavior,judging,op,modelling,policies,evidence,diagnosis,gallery,spectral,patchy,leather,bioimaging,iterative,extraction,attack,synthetic,completing,assessing,rendering,library,lens,archived,effectiveness,banks,hindsight,records,child,1989,cystic,apolipoprotein,development,characterization,aerosols,horizontal,relativity,system,pyrolysis,test,multistep,motors,upper,diffusion,chaos,energies,notice,transport,neutron,characterize,birefringence,tissue,acting,plant,2001,races,much,degradation,submitted,congestion,aureus,without,identification,mom,programmes,friction,control,contrasting,essay,floristic,ladder,calorimetry
vivid,suggested,divergent,algorithm,13,regarding,source,bottles,couple,index,parabolic,reliable,approximation,434,deformable,root,hip,computers,task,83,evaluation,female,various,laboratory,electron,changes,source,reciprocal,cytosine,flexibly,investigation,microdevices,r,planning,implications,correlates,process,growth,audio,sensemaking,lg,fundamentals,clustering,probabilistic,roads,conformational,disruptive,apparatus,relational,grid,focusing,aspects,initial,beaming,interconnected,25,childhood,summary,diagnosis,asteroid,synaptic,solution,chemistry,engine,scalar,circular,degradation,position,numberings,storage,length,block,unknown,small,converts,ceramics,spectrum,computational,coloring,culture,act,chain,digitalen,remembrance,best,applications,combine,crosslinking,immunodeficiency,perfusion,continuous,orientations,critique,metal,embedded,converging,epidemiological,gradients,leaving,measured
100nm,possibly,enforced,correction,4,short,associated,boxes,cps,gratings,stochastic,evaluation,curve,activated,vision,neutrino,chemotherapy,support,avoidance,advantages,learning,traits,foods,library,chains,counterexamples,atom,conflict,excavation,got,coupled,neurosurgical,bij,evaluation,role,monkeys,fast,inheritance,implementation,systematic,maple,100,quadratic,new,cautionary,polymerase,doubt,old,microarray,media,response,chart,testing,bent,interesting,lunar,alcohol,symposium,oral,attitudinal,is,methane,sea,shock,chiral,broadband,paper,experiments,occurrence,reliability,size,surfaces,complex,water,dinosaur,diamond,supernova,investigate,ellipsoids,pathways,mediators,major,mobiler,responses,like,bias,42,defects,innate,recovery,method,power,localisation,plastic,construction,cope,histories,inconsistencies,lesbian,multiwalled

removed_words,,for,from,in,model,an,analysis,and,of,on,parameters,structure,the,to,using,via,with,by,a
